label,p_pneumonia
0.000000000000000000e+00,1.371401548385620117e-01
0.000000000000000000e+00,3.288857266306877136e-02
0.000000000000000000e+00,3.921746090054512024e-02
0.000000000000000000e+00,1.820769906044006348e-01
0.000000000000000000e+00,7.716476917266845703e-01
0.000000000000000000e+00,1.754062771797180176e-01
0.000000000000000000e+00,3.905553519725799561e-01
0.000000000000000000e+00,3.484106436371803284e-02
0.000000000000000000e+00,1.354170441627502441e-01
0.000000000000000000e+00,1.216965094208717346e-01
0.000000000000000000e+00,1.267217397689819336e-01
0.000000000000000000e+00,1.427655518054962158e-01
0.000000000000000000e+00,1.081695035099983215e-01
0.000000000000000000e+00,7.515690289437770844e-03
0.000000000000000000e+00,4.269667565822601318e-01
0.000000000000000000e+00,9.941324591636657715e-02
0.000000000000000000e+00,1.722675114870071411e-01
0.000000000000000000e+00,4.164478480815887451e-01
0.000000000000000000e+00,5.307307466864585876e-02
0.000000000000000000e+00,3.449604213237762451e-01
0.000000000000000000e+00,2.834212966263294220e-02
0.000000000000000000e+00,1.776830554008483887e-01
0.000000000000000000e+00,9.390337467193603516e-01
0.000000000000000000e+00,2.169764786958694458e-02
0.000000000000000000e+00,4.269320964813232422e-01
0.000000000000000000e+00,1.858519911766052246e-01
0.000000000000000000e+00,4.657570272684097290e-02
0.000000000000000000e+00,9.015456587076187134e-02
0.000000000000000000e+00,4.141788780689239502e-01
0.000000000000000000e+00,3.063011765480041504e-01
0.000000000000000000e+00,3.248166739940643311e-01
0.000000000000000000e+00,3.387957811355590820e-01
0.000000000000000000e+00,2.765897512435913086e-01
0.000000000000000000e+00,7.394799590110778809e-02
0.000000000000000000e+00,1.091118082404136658e-01
0.000000000000000000e+00,8.387565612792968750e-02
0.000000000000000000e+00,2.167587578296661377e-01
0.000000000000000000e+00,3.116422332823276520e-02
0.000000000000000000e+00,7.608268409967422485e-02
0.000000000000000000e+00,4.700780287384986877e-02
0.000000000000000000e+00,2.329866588115692139e-02
0.000000000000000000e+00,1.297833323478698730e-01
0.000000000000000000e+00,8.074633777141571045e-02
0.000000000000000000e+00,5.285267904400825500e-02
0.000000000000000000e+00,7.872314751148223877e-02
0.000000000000000000e+00,9.529111534357070923e-02
0.000000000000000000e+00,2.366813868284225464e-01
0.000000000000000000e+00,6.166353225708007812e-01
0.000000000000000000e+00,6.075866222381591797e-01
0.000000000000000000e+00,3.088908270001411438e-02
0.000000000000000000e+00,1.021993979811668396e-01
0.000000000000000000e+00,1.803515665233135223e-02
0.000000000000000000e+00,3.618514835834503174e-01
0.000000000000000000e+00,2.063991576433181763e-01
0.000000000000000000e+00,6.743732839822769165e-02
0.000000000000000000e+00,2.443499863147735596e-02
0.000000000000000000e+00,7.103415727615356445e-01
0.000000000000000000e+00,6.759496778249740601e-02
0.000000000000000000e+00,9.646596759557723999e-02
0.000000000000000000e+00,2.636488080024719238e-01
0.000000000000000000e+00,6.187511608004570007e-02
0.000000000000000000e+00,3.110567033290863037e-01
0.000000000000000000e+00,4.779335856437683105e-01
0.000000000000000000e+00,8.704204857349395752e-02
0.000000000000000000e+00,1.015806645154953003e-01
0.000000000000000000e+00,4.423597753047943115e-01
0.000000000000000000e+00,3.199937567114830017e-02
0.000000000000000000e+00,1.500060409307479858e-01
0.000000000000000000e+00,2.614776231348514557e-02
0.000000000000000000e+00,4.685326814651489258e-01
0.000000000000000000e+00,1.978675127029418945e-01
0.000000000000000000e+00,3.551605045795440674e-01
0.000000000000000000e+00,9.870790243148803711e-01
0.000000000000000000e+00,1.701918989419937134e-01
0.000000000000000000e+00,1.426129341125488281e-01
0.000000000000000000e+00,1.214043647050857544e-01
0.000000000000000000e+00,8.704706430435180664e-01
0.000000000000000000e+00,2.532086372375488281e-01
0.000000000000000000e+00,1.179210096597671509e-01
0.000000000000000000e+00,2.575247883796691895e-01
0.000000000000000000e+00,3.167268931865692139e-01
0.000000000000000000e+00,1.566633284091949463e-01
0.000000000000000000e+00,9.553675055503845215e-01
0.000000000000000000e+00,2.467923015356063843e-01
0.000000000000000000e+00,2.548617124557495117e-01
0.000000000000000000e+00,2.585733309388160706e-02
0.000000000000000000e+00,8.979709446430206299e-02
0.000000000000000000e+00,4.573437198996543884e-02
0.000000000000000000e+00,1.358642429113388062e-02
0.000000000000000000e+00,1.020156033337116241e-02
0.000000000000000000e+00,3.791313990950584412e-02
0.000000000000000000e+00,6.224462985992431641e-01
0.000000000000000000e+00,1.554290205240249634e-01
0.000000000000000000e+00,1.372355073690414429e-01
0.000000000000000000e+00,2.083679437637329102e-01
0.000000000000000000e+00,1.828103214502334595e-01
0.000000000000000000e+00,6.045846343040466309e-01
0.000000000000000000e+00,1.504995822906494141e-01
0.000000000000000000e+00,7.821938395500183105e-02
0.000000000000000000e+00,2.057866156101226807e-01
0.000000000000000000e+00,5.331286415457725525e-02
0.000000000000000000e+00,9.816028475761413574e-01
0.000000000000000000e+00,9.070158004760742188e-01
0.000000000000000000e+00,2.026949971914291382e-01
0.000000000000000000e+00,5.905269831418991089e-02
0.000000000000000000e+00,2.191848456859588623e-01
0.000000000000000000e+00,6.171880960464477539e-01
0.000000000000000000e+00,5.919721126556396484e-01
0.000000000000000000e+00,5.034965872764587402e-01
0.000000000000000000e+00,2.196489274501800537e-02
0.000000000000000000e+00,5.247775912284851074e-01
0.000000000000000000e+00,8.011876791715621948e-02
0.000000000000000000e+00,1.435985118150711060e-01
0.000000000000000000e+00,1.268495768308639526e-01
0.000000000000000000e+00,1.155161187052726746e-01
0.000000000000000000e+00,1.674867272377014160e-01
0.000000000000000000e+00,4.166382253170013428e-01
0.000000000000000000e+00,6.060698628425598145e-01
0.000000000000000000e+00,3.207340091466903687e-02
0.000000000000000000e+00,6.343186646699905396e-02
0.000000000000000000e+00,4.798630177974700928e-01
0.000000000000000000e+00,2.171192467212677002e-01
0.000000000000000000e+00,1.112912036478519440e-02
0.000000000000000000e+00,2.521176040172576904e-01
0.000000000000000000e+00,5.178137123584747314e-02
0.000000000000000000e+00,2.725225389003753662e-01
0.000000000000000000e+00,1.874354481697082520e-01
0.000000000000000000e+00,5.884721875190734863e-02
0.000000000000000000e+00,2.506292462348937988e-01
0.000000000000000000e+00,3.473558425903320312e-01
0.000000000000000000e+00,3.769327402114868164e-01
0.000000000000000000e+00,7.202996313571929932e-02
0.000000000000000000e+00,2.126995027065277100e-01
0.000000000000000000e+00,5.300897732377052307e-02
0.000000000000000000e+00,8.783760666847229004e-01
0.000000000000000000e+00,1.566633284091949463e-01
0.000000000000000000e+00,1.635100096464157104e-01
0.000000000000000000e+00,4.961926341056823730e-01
0.000000000000000000e+00,3.169074952602386475e-01
0.000000000000000000e+00,2.040535360574722290e-01
0.000000000000000000e+00,6.191297620534896851e-02
0.000000000000000000e+00,1.412184834480285645e-01
0.000000000000000000e+00,7.926038652658462524e-02
0.000000000000000000e+00,2.879594638943672180e-02
0.000000000000000000e+00,7.771082222461700439e-02
0.000000000000000000e+00,3.738373890519142151e-02
0.000000000000000000e+00,1.149656027555465698e-01
0.000000000000000000e+00,2.906301058828830719e-02
0.000000000000000000e+00,9.396356940269470215e-01
0.000000000000000000e+00,2.423957139253616333e-01
0.000000000000000000e+00,1.839958429336547852e-01
0.000000000000000000e+00,3.915404900908470154e-02
0.000000000000000000e+00,1.435767412185668945e-01
0.000000000000000000e+00,5.786635726690292358e-02
0.000000000000000000e+00,1.426581740379333496e-01
0.000000000000000000e+00,3.393946215510368347e-02
0.000000000000000000e+00,1.350019425153732300e-01
0.000000000000000000e+00,5.386573076248168945e-01
0.000000000000000000e+00,3.125912845134735107e-01
0.000000000000000000e+00,4.968594610691070557e-01
0.000000000000000000e+00,2.723512053489685059e-01
0.000000000000000000e+00,2.366567105054855347e-01
0.000000000000000000e+00,1.562638282775878906e-01
0.000000000000000000e+00,7.505526542663574219e-01
0.000000000000000000e+00,3.741582632064819336e-01
0.000000000000000000e+00,1.698422618210315704e-02
0.000000000000000000e+00,4.017013311386108398e-01
0.000000000000000000e+00,5.684643983840942383e-02
0.000000000000000000e+00,3.428082913160324097e-02
0.000000000000000000e+00,1.358902305364608765e-01
0.000000000000000000e+00,2.235086411237716675e-01
0.000000000000000000e+00,1.684181541204452515e-01
0.000000000000000000e+00,8.240318298339843750e-02
0.000000000000000000e+00,1.410754621028900146e-01
0.000000000000000000e+00,4.376475512981414795e-02
0.000000000000000000e+00,4.059800207614898682e-01
0.000000000000000000e+00,1.055947095155715942e-01
0.000000000000000000e+00,1.223245784640312195e-01
0.000000000000000000e+00,1.841422915458679199e-02
0.000000000000000000e+00,3.730240762233734131e-01
0.000000000000000000e+00,1.713579595088958740e-01
0.000000000000000000e+00,2.630309462547302246e-01
0.000000000000000000e+00,9.970858693122863770e-03
0.000000000000000000e+00,2.557007372379302979e-01
0.000000000000000000e+00,8.310104906558990479e-02
0.000000000000000000e+00,2.124170660972595215e-01
0.000000000000000000e+00,4.746294319629669189e-01
0.000000000000000000e+00,1.228889003396034241e-01
0.000000000000000000e+00,8.377910256385803223e-01
0.000000000000000000e+00,2.707628905773162842e-01
0.000000000000000000e+00,1.479484736919403076e-01
0.000000000000000000e+00,3.940272331237792969e-02
0.000000000000000000e+00,9.691210836172103882e-02
0.000000000000000000e+00,6.865492463111877441e-01
0.000000000000000000e+00,6.171909570693969727e-01
0.000000000000000000e+00,7.406426966190338135e-02
0.000000000000000000e+00,3.114059567451477051e-02
0.000000000000000000e+00,1.160010769963264465e-01
0.000000000000000000e+00,6.358231604099273682e-02
0.000000000000000000e+00,2.544767558574676514e-01
0.000000000000000000e+00,4.034388959407806396e-01
0.000000000000000000e+00,2.868968248367309570e-01
0.000000000000000000e+00,8.837246149778366089e-02
0.000000000000000000e+00,5.952658131718635559e-02
0.000000000000000000e+00,9.806630015373229980e-01
0.000000000000000000e+00,1.750298887491226196e-01
0.000000000000000000e+00,4.164478480815887451e-01
0.000000000000000000e+00,1.229489371180534363e-01
0.000000000000000000e+00,2.216940522193908691e-01
0.000000000000000000e+00,3.592443168163299561e-01
0.000000000000000000e+00,3.153815492987632751e-02
0.000000000000000000e+00,3.922064304351806641e-01
0.000000000000000000e+00,9.997364878654479980e-01
0.000000000000000000e+00,1.181642636656761169e-01
0.000000000000000000e+00,1.634773984551429749e-02
0.000000000000000000e+00,7.327909469604492188e-01
0.000000000000000000e+00,1.849338859319686890e-01
0.000000000000000000e+00,1.367671340703964233e-01
0.000000000000000000e+00,1.158603355288505554e-01
0.000000000000000000e+00,1.690891981124877930e-01
0.000000000000000000e+00,4.382969439029693604e-01
0.000000000000000000e+00,6.789204478263854980e-02
0.000000000000000000e+00,9.275270253419876099e-02
0.000000000000000000e+00,9.967333078384399414e-02
0.000000000000000000e+00,4.742828756570816040e-02
0.000000000000000000e+00,5.933927893638610840e-01
0.000000000000000000e+00,3.138405084609985352e-01
0.000000000000000000e+00,7.447931170463562012e-02
0.000000000000000000e+00,2.012606896460056305e-02
0.000000000000000000e+00,5.206488445401191711e-02
0.000000000000000000e+00,1.354170441627502441e-01
0.000000000000000000e+00,5.090076327323913574e-01
0.000000000000000000e+00,3.338226974010467529e-01
0.000000000000000000e+00,8.621830940246582031e-01
1.000000000000000000e+00,9.886444807052612305e-01
1.000000000000000000e+00,9.919833540916442871e-01
1.000000000000000000e+00,9.924031496047973633e-01
1.000000000000000000e+00,9.973492622375488281e-01
1.000000000000000000e+00,7.678861618041992188e-01
1.000000000000000000e+00,8.474778532981872559e-01
1.000000000000000000e+00,7.501807212829589844e-01
1.000000000000000000e+00,8.227158784866333008e-01
1.000000000000000000e+00,9.975612163543701172e-01
1.000000000000000000e+00,9.996362924575805664e-01
1.000000000000000000e+00,9.242893457412719727e-01
1.000000000000000000e+00,9.975148439407348633e-01
1.000000000000000000e+00,9.943028688430786133e-01
1.000000000000000000e+00,9.872156381607055664e-01
1.000000000000000000e+00,9.788257479667663574e-01
1.000000000000000000e+00,9.029692411422729492e-01
1.000000000000000000e+00,9.162114262580871582e-01
1.000000000000000000e+00,9.834700226783752441e-01
1.000000000000000000e+00,9.151378273963928223e-01
1.000000000000000000e+00,8.741019964218139648e-01
1.000000000000000000e+00,9.997667670249938965e-01
1.000000000000000000e+00,9.970510005950927734e-01
1.000000000000000000e+00,9.854158759117126465e-01
1.000000000000000000e+00,9.951588511466979980e-01
1.000000000000000000e+00,9.948049187660217285e-01
1.000000000000000000e+00,9.883706569671630859e-01
1.000000000000000000e+00,9.989000558853149414e-01
1.000000000000000000e+00,9.557164311408996582e-01
1.000000000000000000e+00,9.975551962852478027e-01
1.000000000000000000e+00,9.801233410835266113e-01
1.000000000000000000e+00,9.771236777305603027e-01
1.000000000000000000e+00,9.735583662986755371e-01
1.000000000000000000e+00,9.897839426994323730e-01
1.000000000000000000e+00,9.564507603645324707e-01
1.000000000000000000e+00,9.815450310707092285e-01
1.000000000000000000e+00,1.369161307811737061e-01
1.000000000000000000e+00,9.988502264022827148e-01
1.000000000000000000e+00,9.838051199913024902e-01
1.000000000000000000e+00,9.637491106986999512e-01
1.000000000000000000e+00,9.534251093864440918e-01
1.000000000000000000e+00,9.969802498817443848e-01
1.000000000000000000e+00,9.994120597839355469e-01
1.000000000000000000e+00,1.895815879106521606e-01
1.000000000000000000e+00,9.866955280303955078e-01
1.000000000000000000e+00,9.958688020706176758e-01
1.000000000000000000e+00,9.262261390686035156e-01
1.000000000000000000e+00,9.960666298866271973e-01
1.000000000000000000e+00,3.787441849708557129e-01
1.000000000000000000e+00,9.993202686309814453e-01
1.000000000000000000e+00,8.598613739013671875e-01
1.000000000000000000e+00,9.835018515586853027e-01
1.000000000000000000e+00,4.900771975517272949e-01
1.000000000000000000e+00,9.965452551841735840e-01
1.000000000000000000e+00,9.566947817802429199e-01
1.000000000000000000e+00,9.885879755020141602e-01
1.000000000000000000e+00,9.904227256774902344e-01
1.000000000000000000e+00,9.645383358001708984e-01
1.000000000000000000e+00,5.426964163780212402e-01
1.000000000000000000e+00,9.827367067337036133e-01
1.000000000000000000e+00,3.061189055442810059e-01
1.000000000000000000e+00,9.787977337837219238e-01
1.000000000000000000e+00,1.099786162376403809e-01
1.000000000000000000e+00,9.908747673034667969e-01
1.000000000000000000e+00,9.663522243499755859e-01
1.000000000000000000e+00,9.228798747062683105e-01
1.000000000000000000e+00,9.538991451263427734e-01
1.000000000000000000e+00,9.997447133064270020e-01
1.000000000000000000e+00,4.036914110183715820e-01
1.000000000000000000e+00,9.770903587341308594e-01
1.000000000000000000e+00,9.996889829635620117e-01
1.000000000000000000e+00,9.975772500038146973e-01
1.000000000000000000e+00,8.967278003692626953e-01
1.000000000000000000e+00,9.990991353988647461e-01
1.000000000000000000e+00,7.718740105628967285e-01
1.000000000000000000e+00,5.434989333152770996e-01
1.000000000000000000e+00,9.668682813644409180e-01
1.000000000000000000e+00,9.892850518226623535e-01
1.000000000000000000e+00,9.905363917350769043e-01
1.000000000000000000e+00,7.622073292732238770e-01
1.000000000000000000e+00,9.979532957077026367e-01
1.000000000000000000e+00,9.510750174522399902e-01
1.000000000000000000e+00,8.570774793624877930e-01
1.000000000000000000e+00,9.893575310707092285e-01
1.000000000000000000e+00,9.317666888236999512e-01
1.000000000000000000e+00,2.139986753463745117e-01
1.000000000000000000e+00,6.624993681907653809e-01
1.000000000000000000e+00,8.839551806449890137e-01
1.000000000000000000e+00,9.957455992698669434e-01
1.000000000000000000e+00,9.934301972389221191e-01
1.000000000000000000e+00,9.777284264564514160e-01
1.000000000000000000e+00,9.955413937568664551e-01
1.000000000000000000e+00,9.801813960075378418e-01
1.000000000000000000e+00,9.969211816787719727e-01
1.000000000000000000e+00,8.500280380249023438e-01
1.000000000000000000e+00,9.401390552520751953e-01
1.000000000000000000e+00,8.430670499801635742e-01
1.000000000000000000e+00,9.875680208206176758e-01
1.000000000000000000e+00,9.728085398674011230e-01
1.000000000000000000e+00,3.809216916561126709e-01
1.000000000000000000e+00,9.578217864036560059e-01
1.000000000000000000e+00,8.653937578201293945e-01
1.000000000000000000e+00,9.722149372100830078e-01
1.000000000000000000e+00,5.520831346511840820e-01
1.000000000000000000e+00,9.984616041183471680e-01
1.000000000000000000e+00,9.975497126579284668e-01
1.000000000000000000e+00,9.964410662651062012e-01
1.000000000000000000e+00,4.091042876243591309e-01
1.000000000000000000e+00,9.958558678627014160e-01
1.000000000000000000e+00,9.928908348083496094e-01
1.000000000000000000e+00,9.993776679039001465e-01
1.000000000000000000e+00,5.305700302124023438e-01
1.000000000000000000e+00,9.964717626571655273e-01
1.000000000000000000e+00,9.857597947120666504e-01
1.000000000000000000e+00,9.970027804374694824e-01
1.000000000000000000e+00,9.975728392601013184e-01
1.000000000000000000e+00,9.793426990509033203e-01
1.000000000000000000e+00,9.996157884597778320e-01
1.000000000000000000e+00,9.814475774765014648e-01
1.000000000000000000e+00,7.380975782871246338e-02
1.000000000000000000e+00,9.994518160820007324e-01
1.000000000000000000e+00,9.912028312683105469e-01
1.000000000000000000e+00,4.804155230522155762e-01
1.000000000000000000e+00,9.638606309890747070e-01
1.000000000000000000e+00,9.911777377128601074e-01
1.000000000000000000e+00,9.937361478805541992e-01
1.000000000000000000e+00,9.984374642372131348e-01
1.000000000000000000e+00,9.680083990097045898e-01
1.000000000000000000e+00,7.636646628379821777e-01
1.000000000000000000e+00,5.718184709548950195e-01
1.000000000000000000e+00,9.741029143333435059e-01
1.000000000000000000e+00,9.148445129394531250e-01
1.000000000000000000e+00,9.825187921524047852e-01
1.000000000000000000e+00,9.997742772102355957e-01
1.000000000000000000e+00,9.993564486503601074e-01
1.000000000000000000e+00,9.838158488273620605e-01
1.000000000000000000e+00,9.695904850959777832e-01
1.000000000000000000e+00,9.249507784843444824e-01
1.000000000000000000e+00,9.294020533561706543e-01
1.000000000000000000e+00,9.847766160964965820e-01
1.000000000000000000e+00,9.929360747337341309e-01
1.000000000000000000e+00,7.492348551750183105e-01
1.000000000000000000e+00,9.736517071723937988e-01
1.000000000000000000e+00,9.558754563331604004e-01
1.000000000000000000e+00,9.509487748146057129e-01
1.000000000000000000e+00,7.113783955574035645e-01
1.000000000000000000e+00,7.877449989318847656e-01
1.000000000000000000e+00,9.978544116020202637e-01
1.000000000000000000e+00,9.942020773887634277e-01
1.000000000000000000e+00,9.478508234024047852e-01
1.000000000000000000e+00,9.237300753593444824e-01
1.000000000000000000e+00,7.494035959243774414e-01
1.000000000000000000e+00,9.988988637924194336e-01
1.000000000000000000e+00,9.814762473106384277e-01
1.000000000000000000e+00,9.742799401283264160e-01
1.000000000000000000e+00,9.996100068092346191e-01
1.000000000000000000e+00,9.820277690887451172e-01
1.000000000000000000e+00,9.239732623100280762e-01
1.000000000000000000e+00,9.961555600166320801e-01
1.000000000000000000e+00,9.631446003913879395e-01
1.000000000000000000e+00,9.858934879302978516e-01
1.000000000000000000e+00,9.847766160964965820e-01
1.000000000000000000e+00,9.201697707176208496e-01
1.000000000000000000e+00,8.288224339485168457e-01
1.000000000000000000e+00,9.986094236373901367e-01
1.000000000000000000e+00,9.984238147735595703e-01
1.000000000000000000e+00,9.982944130897521973e-01
1.000000000000000000e+00,6.349304914474487305e-01
1.000000000000000000e+00,9.078547954559326172e-01
1.000000000000000000e+00,9.699994921684265137e-01
1.000000000000000000e+00,5.213512182235717773e-01
1.000000000000000000e+00,9.115755558013916016e-01
1.000000000000000000e+00,8.901124000549316406e-01
1.000000000000000000e+00,5.824109911918640137e-01
1.000000000000000000e+00,9.970515966415405273e-01
1.000000000000000000e+00,9.132640361785888672e-01
1.000000000000000000e+00,9.274853467941284180e-01
1.000000000000000000e+00,9.822929501533508301e-01
1.000000000000000000e+00,9.933858513832092285e-01
1.000000000000000000e+00,9.510952830314636230e-01
1.000000000000000000e+00,8.457068204879760742e-01
1.000000000000000000e+00,9.776405096054077148e-01
1.000000000000000000e+00,9.982894062995910645e-01
1.000000000000000000e+00,9.309521913528442383e-01
1.000000000000000000e+00,9.986489415168762207e-01
1.000000000000000000e+00,9.696392416954040527e-01
1.000000000000000000e+00,9.976002573966979980e-01
1.000000000000000000e+00,9.974263310432434082e-01
1.000000000000000000e+00,8.472436070442199707e-01
1.000000000000000000e+00,9.580497741699218750e-01
1.000000000000000000e+00,9.934004545211791992e-01
1.000000000000000000e+00,9.896586537361145020e-01
1.000000000000000000e+00,9.393755793571472168e-01
1.000000000000000000e+00,9.967009425163269043e-01
1.000000000000000000e+00,9.960364699363708496e-01
1.000000000000000000e+00,9.462007284164428711e-01
1.000000000000000000e+00,9.892326593399047852e-01
1.000000000000000000e+00,9.604862332344055176e-01
1.000000000000000000e+00,7.310587167739868164e-01
1.000000000000000000e+00,9.784733057022094727e-01
1.000000000000000000e+00,9.956172704696655273e-01
1.000000000000000000e+00,9.164901971817016602e-01
1.000000000000000000e+00,4.672762453556060791e-01
1.000000000000000000e+00,9.693642854690551758e-01
1.000000000000000000e+00,9.984229803085327148e-01
1.000000000000000000e+00,1.173520162701606750e-01
1.000000000000000000e+00,9.948028326034545898e-01
1.000000000000000000e+00,3.397351205348968506e-01
1.000000000000000000e+00,9.939484596252441406e-01
1.000000000000000000e+00,8.245762586593627930e-01
1.000000000000000000e+00,9.714208841323852539e-01
1.000000000000000000e+00,9.944412112236022949e-01
1.000000000000000000e+00,9.982876181602478027e-01
1.000000000000000000e+00,9.969962835311889648e-01
1.000000000000000000e+00,5.840299129486083984e-01
1.000000000000000000e+00,9.520779848098754883e-01
1.000000000000000000e+00,9.913883805274963379e-01
1.000000000000000000e+00,5.952766537666320801e-01
1.000000000000000000e+00,9.776366353034973145e-01
1.000000000000000000e+00,9.976553916931152344e-01
1.000000000000000000e+00,9.648127555847167969e-01
1.000000000000000000e+00,7.256401777267456055e-01
1.000000000000000000e+00,9.838093519210815430e-01
1.000000000000000000e+00,4.631550014019012451e-01
1.000000000000000000e+00,9.794163703918457031e-01
1.000000000000000000e+00,9.740594625473022461e-01
1.000000000000000000e+00,9.953387975692749023e-01
1.000000000000000000e+00,9.507974982261657715e-01
1.000000000000000000e+00,9.633929133415222168e-01
1.000000000000000000e+00,9.992189407348632812e-01
1.000000000000000000e+00,8.718945980072021484e-01
1.000000000000000000e+00,9.997784495353698730e-01
1.000000000000000000e+00,9.951358437538146973e-01
1.000000000000000000e+00,9.991059899330139160e-01
1.000000000000000000e+00,9.290103912353515625e-01
1.000000000000000000e+00,9.964200258255004883e-01
1.000000000000000000e+00,9.973961114883422852e-01
1.000000000000000000e+00,9.414610266685485840e-01
1.000000000000000000e+00,9.968754053115844727e-01
1.000000000000000000e+00,9.709876775741577148e-01
1.000000000000000000e+00,8.729860186576843262e-01
1.000000000000000000e+00,9.919108748435974121e-01
1.000000000000000000e+00,9.410242438316345215e-01
1.000000000000000000e+00,9.240761399269104004e-01
1.000000000000000000e+00,8.918653130531311035e-01
1.000000000000000000e+00,9.916203022003173828e-01
1.000000000000000000e+00,9.990642666816711426e-01
1.000000000000000000e+00,9.949159622192382812e-01
1.000000000000000000e+00,9.964703321456909180e-01
1.000000000000000000e+00,9.837749004364013672e-01
1.000000000000000000e+00,9.912441968917846680e-01
1.000000000000000000e+00,9.514442682266235352e-01
1.000000000000000000e+00,3.104984164237976074e-01
1.000000000000000000e+00,9.601359367370605469e-01
1.000000000000000000e+00,9.123693108558654785e-01
1.000000000000000000e+00,9.386352896690368652e-01
1.000000000000000000e+00,9.975169897079467773e-01
1.000000000000000000e+00,8.778544068336486816e-01
1.000000000000000000e+00,9.616405963897705078e-01
1.000000000000000000e+00,9.853152036666870117e-01
1.000000000000000000e+00,5.762390494346618652e-01
1.000000000000000000e+00,9.978349804878234863e-01
1.000000000000000000e+00,9.942412376403808594e-01
1.000000000000000000e+00,9.954515099525451660e-01
1.000000000000000000e+00,8.585423827171325684e-01
1.000000000000000000e+00,9.890778064727783203e-01
1.000000000000000000e+00,9.474563598632812500e-01
1.000000000000000000e+00,5.015531778335571289e-01
1.000000000000000000e+00,7.882558703422546387e-01
1.000000000000000000e+00,9.940750598907470703e-01
1.000000000000000000e+00,7.839888930320739746e-01
1.000000000000000000e+00,9.853476881980895996e-01
1.000000000000000000e+00,8.018131852149963379e-01
1.000000000000000000e+00,9.805652499198913574e-01
1.000000000000000000e+00,9.991306662559509277e-01
1.000000000000000000e+00,9.333099722862243652e-01
1.000000000000000000e+00,7.901862859725952148e-01
1.000000000000000000e+00,7.311151623725891113e-01
1.000000000000000000e+00,9.943675398826599121e-01
1.000000000000000000e+00,9.884649515151977539e-01
1.000000000000000000e+00,9.224218130111694336e-01
1.000000000000000000e+00,7.122752666473388672e-01
1.000000000000000000e+00,9.394552111625671387e-01
1.000000000000000000e+00,9.968415498733520508e-01
1.000000000000000000e+00,7.989069819450378418e-01
1.000000000000000000e+00,9.908786416053771973e-01
1.000000000000000000e+00,9.111603498458862305e-01
1.000000000000000000e+00,4.839240908622741699e-01
1.000000000000000000e+00,9.831066131591796875e-01
1.000000000000000000e+00,9.888202548027038574e-01
1.000000000000000000e+00,9.976239800453186035e-01
1.000000000000000000e+00,8.862174153327941895e-01
1.000000000000000000e+00,7.353093028068542480e-01
1.000000000000000000e+00,9.756276011466979980e-01
1.000000000000000000e+00,9.972690939903259277e-01
1.000000000000000000e+00,5.077902674674987793e-01
1.000000000000000000e+00,6.608980298042297363e-01
1.000000000000000000e+00,3.249367773532867432e-01
1.000000000000000000e+00,9.936601519584655762e-01
1.000000000000000000e+00,9.973396658897399902e-01
1.000000000000000000e+00,9.822503924369812012e-01
1.000000000000000000e+00,9.998295307159423828e-01
1.000000000000000000e+00,9.973335266113281250e-01
1.000000000000000000e+00,9.961506128311157227e-01
1.000000000000000000e+00,9.304744601249694824e-01
1.000000000000000000e+00,9.980350136756896973e-01
1.000000000000000000e+00,9.097266197204589844e-01
1.000000000000000000e+00,4.947637915611267090e-01
1.000000000000000000e+00,9.006066918373107910e-01
1.000000000000000000e+00,2.918065190315246582e-01
1.000000000000000000e+00,5.924682617187500000e-01
1.000000000000000000e+00,9.858298897743225098e-01
1.000000000000000000e+00,7.302272915840148926e-01
1.000000000000000000e+00,8.604961633682250977e-01
1.000000000000000000e+00,9.955643415451049805e-01
1.000000000000000000e+00,8.473889231681823730e-01
1.000000000000000000e+00,9.837876558303833008e-01
1.000000000000000000e+00,9.975280165672302246e-01
1.000000000000000000e+00,9.170280694961547852e-01
1.000000000000000000e+00,8.982530236244201660e-01
1.000000000000000000e+00,9.179400205612182617e-01
1.000000000000000000e+00,9.983105659484863281e-01
1.000000000000000000e+00,9.830391407012939453e-01
1.000000000000000000e+00,9.981778860092163086e-01
1.000000000000000000e+00,7.731933593750000000e-01
1.000000000000000000e+00,9.817086458206176758e-01
1.000000000000000000e+00,9.442178606986999512e-01
1.000000000000000000e+00,9.973717927932739258e-01
1.000000000000000000e+00,9.933991432189941406e-01
1.000000000000000000e+00,3.029601275920867920e-01
1.000000000000000000e+00,9.333860278129577637e-01
1.000000000000000000e+00,9.690807461738586426e-01
1.000000000000000000e+00,8.973171710968017578e-01
1.000000000000000000e+00,9.866788983345031738e-01
1.000000000000000000e+00,4.251515567302703857e-01
1.000000000000000000e+00,9.948533177375793457e-01
1.000000000000000000e+00,8.166117072105407715e-01
1.000000000000000000e+00,9.525005817413330078e-01
1.000000000000000000e+00,8.409495353698730469e-01
1.000000000000000000e+00,9.976677298545837402e-01
1.000000000000000000e+00,9.800202846527099609e-01
1.000000000000000000e+00,8.443359136581420898e-01
1.000000000000000000e+00,9.989833235740661621e-01
1.000000000000000000e+00,8.688162565231323242e-01
1.000000000000000000e+00,9.928994178771972656e-01
1.000000000000000000e+00,9.287459254264831543e-01
1.000000000000000000e+00,8.779407739639282227e-01
1.000000000000000000e+00,9.904730916023254395e-01
1.000000000000000000e+00,9.264661669731140137e-01
1.000000000000000000e+00,5.946988463401794434e-01
1.000000000000000000e+00,9.299230575561523438e-01
1.000000000000000000e+00,9.978844523429870605e-01
1.000000000000000000e+00,7.374994158744812012e-01
1.000000000000000000e+00,9.996004700660705566e-01
1.000000000000000000e+00,9.830774664878845215e-01
1.000000000000000000e+00,6.112524271011352539e-01
1.000000000000000000e+00,9.912565946578979492e-01
1.000000000000000000e+00,9.954161643981933594e-01
1.000000000000000000e+00,9.955663084983825684e-01
1.000000000000000000e+00,8.069851994514465332e-01
1.000000000000000000e+00,9.916855096817016602e-01
1.000000000000000000e+00,8.249723911285400391e-01
1.000000000000000000e+00,9.994776844978332520e-01
1.000000000000000000e+00,9.913753867149353027e-01
1.000000000000000000e+00,8.914142251014709473e-01
1.000000000000000000e+00,9.966018199920654297e-01
1.000000000000000000e+00,9.730979204177856445e-01
1.000000000000000000e+00,9.969775676727294922e-01
1.000000000000000000e+00,9.990735054016113281e-01
1.000000000000000000e+00,9.999225139617919922e-01
1.000000000000000000e+00,9.984324574470520020e-01
1.000000000000000000e+00,8.028690814971923828e-01
1.000000000000000000e+00,9.536335468292236328e-01
1.000000000000000000e+00,9.998295307159423828e-01
1.000000000000000000e+00,9.904031753540039062e-01
1.000000000000000000e+00,9.915123581886291504e-01
1.000000000000000000e+00,9.596926569938659668e-01
1.000000000000000000e+00,9.990474581718444824e-01
1.000000000000000000e+00,9.971439242362976074e-01
1.000000000000000000e+00,5.165572762489318848e-01
1.000000000000000000e+00,9.756507277488708496e-01
1.000000000000000000e+00,7.017686367034912109e-01
1.000000000000000000e+00,9.997203946113586426e-01
1.000000000000000000e+00,9.748526215553283691e-01
1.000000000000000000e+00,9.740594625473022461e-01
1.000000000000000000e+00,8.937667608261108398e-01
1.000000000000000000e+00,9.141294956207275391e-01
1.000000000000000000e+00,9.946047663688659668e-01
1.000000000000000000e+00,9.882078766822814941e-01
1.000000000000000000e+00,9.989935755729675293e-01
1.000000000000000000e+00,9.429999589920043945e-01
