bin_center,mean_predicted,observed_frequency,count
0.03333333333333333,0.03350556960615974,0.015384615384615385,65
0.1,0.09036194586328097,0.0,42
0.16666666666666669,0.16357282909654802,0.0,31
0.23333333333333334,0.2389654792845249,0.05,20
0.3,0.29421244905545163,0.23076923076923078,13
0.3666666666666667,0.3607923896873699,0.23529411764705882,17
0.43333333333333335,0.430903448508336,0.15384615384615385,13
0.5,0.5018729079853405,0.2727272727272727,11
0.5666666666666667,0.5610216577847799,0.3333333333333333,15
0.6333333333333333,0.6355371914411846,0.5263157894736842,19
0.7,0.7073124008519309,0.7857142857142857,14
0.7666666666666666,0.7675778518120447,0.6666666666666666,12
0.8333333333333334,0.8338161458571752,0.9166666666666666,24
0.9,0.9037806079501197,0.9285714285714286,42
0.9666666666666667,0.983391970187634,0.9825174825174825,286
