fpr,tpr
0.000000000000000000e+00,0.000000000000000000e+00
0.000000000000000000e+00,2.564102564102564100e-03
0.000000000000000000e+00,7.948717948717948234e-02
4.273504273504273934e-03,7.948717948717948234e-02
4.273504273504273934e-03,9.230769230769231282e-02
4.273504273504273934e-03,9.743589743589743668e-02
4.273504273504273934e-03,1.948717948717948734e-01
4.273504273504273934e-03,2.000000000000000111e-01
8.547008547008547868e-03,2.000000000000000111e-01
8.547008547008547868e-03,4.871794871794871695e-01
1.282051282051282007e-02,4.871794871794871695e-01
1.282051282051282007e-02,5.358974358974358809e-01
1.709401709401709574e-02,5.358974358974358809e-01
1.709401709401709574e-02,5.564102564102564319e-01
2.136752136752136794e-02,5.564102564102564319e-01
2.136752136752136794e-02,5.692307692307692069e-01
2.564102564102564014e-02,5.692307692307692069e-01
2.564102564102564014e-02,5.999999999999999778e-01
2.991452991452991581e-02,5.999999999999999778e-01
2.991452991452991581e-02,6.769230769230769607e-01
2.991452991452991581e-02,6.820512820512820706e-01
2.991452991452991581e-02,6.923076923076922906e-01
3.418803418803419147e-02,6.923076923076922906e-01
3.418803418803419147e-02,7.230769230769230616e-01
3.846153846153846367e-02,7.230769230769230616e-01
3.846153846153846367e-02,7.461538461538461675e-01
4.273504273504273587e-02,7.461538461538461675e-01
4.273504273504273587e-02,7.717948717948718285e-01
5.555555555555555247e-02,7.717948717948718285e-01
5.555555555555555247e-02,7.743589743589743835e-01
5.982905982905983161e-02,7.743589743589743835e-01
5.982905982905983161e-02,7.820512820512820484e-01
6.410256410256409687e-02,7.820512820512820484e-01
6.410256410256409687e-02,8.025641025641025994e-01
7.264957264957265515e-02,8.025641025641025994e-01
7.264957264957265515e-02,8.256410256410255943e-01
7.692307692307692735e-02,8.256410256410255943e-01
7.692307692307692735e-02,8.282051282051282604e-01
8.119658119658119955e-02,8.282051282051282604e-01
8.119658119658119955e-02,8.333333333333333703e-01
8.547008547008547175e-02,8.333333333333333703e-01
8.547008547008547175e-02,8.564102564102563653e-01
8.974358974358974395e-02,8.564102564102563653e-01
8.974358974358974395e-02,8.692307692307692513e-01
9.401709401709401615e-02,8.692307692307692513e-01
9.401709401709401615e-02,8.743589743589743613e-01
1.025641025641025605e-01,8.743589743589743613e-01
1.025641025641025605e-01,8.948717948717949122e-01
1.068376068376068327e-01,8.948717948717949122e-01
1.068376068376068327e-01,9.000000000000000222e-01
1.153846153846153910e-01,9.000000000000000222e-01
1.153846153846153910e-01,9.025641025641025772e-01
1.196581196581196632e-01,9.025641025641025772e-01
1.196581196581196632e-01,9.102564102564102422e-01
1.324786324786324798e-01,9.102564102564102422e-01
1.324786324786324798e-01,9.179487179487179072e-01
1.367521367521367659e-01,9.179487179487179072e-01
1.367521367521367659e-01,9.205128205128204621e-01
1.495726495726495686e-01,9.205128205128204621e-01
1.495726495726495686e-01,9.230769230769231282e-01
1.581196581196581130e-01,9.230769230769231282e-01
1.581196581196581130e-01,9.333333333333333481e-01
1.666666666666666574e-01,9.333333333333333481e-01
1.666666666666666574e-01,9.358974358974359031e-01
1.709401709401709435e-01,9.358974358974359031e-01
1.709401709401709435e-01,9.435897435897435681e-01
1.752136752136752018e-01,9.435897435897435681e-01
1.752136752136752018e-01,9.538461538461538991e-01
1.794871794871794879e-01,9.538461538461538991e-01
1.794871794871794879e-01,9.589743589743590091e-01
2.008547008547008628e-01,9.589743589743590091e-01
2.008547008547008628e-01,9.615384615384615641e-01
2.051282051282051211e-01,9.615384615384615641e-01
2.051282051282051211e-01,9.641025641025641191e-01
2.094017094017094072e-01,9.641025641025641191e-01
2.094017094017094072e-01,9.717948717948717841e-01
2.179487179487179516e-01,9.717948717948717841e-01
2.264957264957264960e-01,9.717948717948717841e-01
2.350427350427350404e-01,9.717948717948717841e-01
2.948717948717948789e-01,9.717948717948717841e-01
2.948717948717948789e-01,9.743589743589743390e-01
2.991452991452991372e-01,9.743589743589743390e-01
2.991452991452991372e-01,9.794871794871794490e-01
3.717948717948718063e-01,9.794871794871794490e-01
3.717948717948718063e-01,9.820512820512820040e-01
4.145299145299145560e-01,9.820512820512820040e-01
4.145299145299145560e-01,9.846153846153846700e-01
4.700854700854700807e-01,9.846153846153846700e-01
4.700854700854700807e-01,9.871794871794872250e-01
5.085470085470085166e-01,9.871794871794872250e-01
5.085470085470085166e-01,9.897435897435897800e-01
5.341880341880341776e-01,9.897435897435897800e-01
5.341880341880341776e-01,9.923076923076923350e-01
5.512820512820513219e-01,9.923076923076923350e-01
5.512820512820513219e-01,9.948717948717948900e-01
5.769230769230768718e-01,9.948717948717948900e-01
5.769230769230768718e-01,9.974358974358974450e-01
6.581196581196581130e-01,9.974358974358974450e-01
6.581196581196581130e-01,1.000000000000000000e+00
1.000000000000000000e+00,1.000000000000000000e+00
